id,firstName,lastName,address,aptNumber,city,state,country,zipcode,birthdate
A10AB01,John,Smith,123 Maple St,,Chicago,IL,USA,60601,1985-04-12
A11AC02,Sarah,Johnson,456 Oak Ave,,Denver,CO,USA,80203,1990-09-21
A12AD03,Michael,Brown,789 Pine Rd,7C,Austin,TX,USA,73301,1978-01-30
A13AE04,Emily,Davis,321 Birch Ln,5D,Seattle,WA,USA,98101,1994-06-14
A14AF05,David,Miller,654 Cedar St,,Portland,OR,USA,97201,1982-11-08
A15AG06,Jessica,Wilson,987 Walnut Ave,,Boston,MA,USA,02108,1988-03-25
A16AH07,Daniel,Moore,147 Aspen Way,,San Diego,CA,USA,92101,1992-07-19
A17AJ08,Amanda,Taylor,258 Elm St,,Nashville,TN,USA,37201,1986-02-02
A18AK09,Christopher,Anderson,369 Poplar Rd,,Columbus,OH,USA,43215,1975-10-17
A19AL10,Lauren,Thomas,159 Spruce Dr,,Madison,WI,USA,53703,1991-12-05
A20AM11,Matthew,Jackson,753 Fir St,,Boise,ID,USA,83702,1984-08-28
A21AN12,Olivia,White,852 Redwood Ave,,Sacramento,CA,USA,95814,1996-05-09
A22AP13,Andrew,Harris,951 Cypress Rd,14C,Atlanta,GA,USA,30303,1980-09-01
A23AQ14,Nicole,Martin,357 Palm St,,Tampa,FL,USA,33602,1989-04-18
A24AR15,Joshua,Thompson,468 Magnolia Ln,,Jacksonville,FL,USA,32202,1977-06-23
A25AS16,Rebecca,Garcia,579 Dogwood Dr,,Albuquerque,NM,USA,87102,1993-01-11
A26AT17,Brandon,Martinez,681 Willow Ave,,Phoenix,AZ,USA,85004,1985-07-30
A27AU18,Samantha,Robinson,792 Sycamore St,,Charlotte,NC,USA,28202,1990-02-14
A28AV19,Justin,Clark,894 Hickory Rd,,Raleigh,NC,USA,27601,1983-10-09
A29AW20,Hannah,Rodriguez,135 Alder Ln,,San Jose,CA,USA,95113,1995-12-27
A30AX21,Kevin,Lewis,246 Beech St,,Des Moines,IA,USA,50309,1979-03-06
A31AY22,Megan,Lee,357 Chestnut Ave,,San Mateo,CA,USA,94401,1987-08-15
A32AZ23,Eric,Walker,468 Linden Rd,,Ann Arbor,MI,USA,48104,1981-01-19
A33BA24,Victoria,Hall,579 Cottonwood Dr,,Boulder,CO,USA,80302,1994-09-03
A34BB25,Ryan,Allen,681 Juniper St,,Spokane,WA,USA,99201,1986-04-29
A35BC26,Laura,Young,792 Sequoia Ave,,Fresno,CA,USA,93721,1992-11-12
A36BD27,Jonathan,Hernandez,894 Ironwood Rd,9D,El Paso,TX,USA,79901,1976-06-01
A37BE28,Kimberly,King,159 Laurel Ln,,Greenville,SC,USA,29601,1988-02-20
A38BF29,Adam,Wright,258 Hemlock St,,Provo,UT,USA,84601,1984-07-07
A39BG30,Brittany,Lopez,369 Catalpa Ave,12B,Laredo,TX,USA,78040,1991-05-26
A40BH31,Patrick,Hill,147 Palm Dr,7C,Key West,FL,USA,33040,1978-09-14
A41BJ32,Melissa,Scott,753 Olive St,,Eugene,OR,USA,97401,1993-01-02
A42BK33,Nathan,Green,852 Acacia Rd,,Salem,OR,USA,97301,1985-10-21
A43BL34,Ashley,Adams,951 Hawthorn Ln,,Missoula,MT,USA,59801,1990-06-11
A44BM35,Steven,Baker,357 Pepperwood St,,Santa Cruz,CA,USA,95060,1982-12-18
A45BN36,Danielle,Gonzalez,468 Manzanita Ave,,San Luis Obispo,CA,USA,93401,1996-03-04
A46BP37,Tyler,Nelson,579 Palo Verde Rd,,Yuma,AZ,USA,85364,1987-08-22
A47BQ38,Kayla,Carter,681 Ironbark Dr,5E,Flagstaff,AZ,USA,86001,1994-04-10
A48BR39,Jason,Mitchell,792 Blue Spruce St,9A,Duluth,MN,USA,55802,1981-02-28
A49BS40,Stephanie,Perez,894 Silver Maple Ave,13B,Tempe,AZ,USA,85281,1992-07-16
A50BT41,Benjamin,Roberts,135 Sugar Pine Rd,7C,Tahoe City,CA,USA,96145,1977-11-05
A51BU42,Alexandra,Turner,246 Black Oak Ln,10D,Sonoma,CA,USA,95476,1989-01-24
A52BV43,Zachary,Phillips,357 River Birch St,,Bozeman,MT,USA,59715,1983-06-30
A53BW44,Katherine,Campbell,468 White Pine Ave,,Bangor,ME,USA,04401,1991-10-13
A54BX45,Jordan,Parker,579 Red Cedar Rd,6B,Marquette,MI,USA,49855,1986-03-19
A55BY46,Victoria,Evans,681 Golden Oak Dr,9C,Napa,CA,USA,94559,1995-08-01
A56BZ47,Logan,Edwards,792 Douglas Fir St,,Ashland,OR,USA,97520,1980-12-09
A57CA48,Madeline,Collins,894 Sugar Maple Ave,,Hanover,NH,USA,03755,1993-05-17
A58CB49,Ethan,Stewart,159 Royal Palm Rd,,Coral Gables,FL,USA,33134,1984-09-26
A59CC50,Isabella,Sanchez,258 Canary Island Dr,7B,San Antonio,TX,USA,78205,1996-02-03
A60CD51,Noah,Morris,369 Sweetgum St,,Little Rock,AR,USA,72201,1981-07-12
A61CE52,Paige,Rogers,147 Snowberry Ave,,Helena,MT,USA,59601,1988-11-29
A62CF53,Lucas,Reed,753 Buckeye Rd,,Toledo,OH,USA,43604,1992-04-06
A63CG54,Grace,Cook,852 Chinaberry Ln,,Oxford,MS,USA,38655,1985-01-15
A64CH55,Henry,Morgan,951 Sweet Bay St,,Savannah,GA,USA,31401,1979-10-04
A65CJ56,Abigail,Bell,357 Honey Locust Ave,,Bloomington,IN,USA,47401,1994-06-22
A66CK57,Owen,Murphy,468 White Ash Rd,,Portsmouth,NH,USA,03801,1982-03-11
A67CL58,Chloe,Bailey,579 Sandalwood Dr,,Santa Fe,NM,USA,87501,1997-08-27
A68CM59,Caleb,Rivera,681 Candlewood St,,New Haven,CT,USA,06510,1986-12-16
A69CN60,Natalie,Cooper,792 Star Magnolia Ave,,Mobile,AL,USA,36602,1990-05-08
A70CP61,Isaac,Richardson,894 Laurel Oak Rd,,Fredericksburg,VA,USA,22401,1983-09-20
A71CQ62,Faith,Cox,135 Mountain Laurel Ln,7D,Roanoke,VA,USA,24011,1995-02-01
A72CR63,Samuel,Howard,246 Tamarack St,,Billings,MT,USA,59101,1978-06-18
A73CS64,Elena,Ward,357 Sweet Olive Ave,,Monterey,CA,USA,93940,1991-11-07
A74CT65,Aaron,Torres,468 Silk Oak Rd,,San Marcos,TX,USA,78666,1984-04-24
A75CU66,Vanessa,Peterson,579 Buttonwood Dr,,St. Petersburg,FL,USA,33701,1993-07-03
A76CV67,Connor,Gray,681 Yellowwood St,,Erie,PA,USA,16501,1987-01-29
A77CW68,Lily,Ramirez,792 Hollyleaf Ave,5E,Bakersfield,CA,USA,93301,1996-09-12
A78CX69,Julian,James,894 Silver Fir Rd,8A,Juneau,AK,USA,99801,1980-12-21
A79CY70,Naomi,Watson,159 Shadow Laurel Ln,10B,Asheville,NC,USA,28801,1992-03-16
A80CZ71,Peter,Brooks,258 Cherry Birch St,6C,Dover,DE,USA,19901,1977-08-05
A81DA72,Rachel,Kelly,369 Scarlet Oak Ave,11D,Ithaca,NY,USA,14850,1989-10-28
A82DB73,William,Sanders,147 Sweetbay Rd,3E,Columbia,SC,USA,29201,1982-02-13
A83DC74,Maria,Price,753 Black Walnut St,,Lexington,KY,USA,40507,1994-05-31
A84DD75,Thomas,Bennett,852 Blue Oak Ave,,Pasadena,CA,USA,91101,1981-07-09
A85DE76,Claire,Wood,951 Coastal Redwood Rd,,Half Moon Bay,CA,USA,94019,1996-01-18
A86DF77,Dylan,Barnes,357 Canyon Oak Ln,,Durango,CO,USA,81301,1985-11-02
A87DG78,Erica,Ross,468 Valley Pine St,,Reno,NV,USA,89501,1990-04-20
A88DH79,Marcus,Henderson,579 Alpine Fir Dr,10A,Truckee,CA,USA,96161,1979-09-15
A89DJ80,Sophia,Coleman,681 River Willow Ave,8B,Bend,OR,USA,97701,1993-06-26
A90DK81,Anthony,Jenkins,792 Desert Ironwood Rd,13C,Tucson,AZ,USA,85701,1984-12-08
A91DL82,Julia,Powell,894 Coast Live Oak St,,Encinitas,CA,USA,92024,1995-03-22
A92DM83,Sean,Long,135 Blue Spruce Ln,,Kalispell,MT,USA,59901,1981-08-14
A93DN84,Tara,Patterson,246 Quaking Aspen Ave,,Estes Park,CO,USA,80517,1988-10-01
A94DP85,Evan,Hughes,357 Red Maple Rd,,Kingston,NY,USA,12401,1992-02-17
A95DQ86,Monica,Flores,468 Bay Laurel St,,Montecito,CA,USA,93108,1996-07-28
A96DR87,Blake,Washington,579 Golden Chinquapin Dr,,Eureka,CA,USA,95501,1980-11-19
A97DS88,Alyssa,Butler,681 Snow Gum Ave,,Park City,UT,USA,84060,1987-05-06
A98DT89,Travis,Simmons,792 Blue Elderberry Rd,,Cheyenne,WY,USA,82001,1983-09-23
A99DU90,Michelle,Foster,894 Canyon Live Oak St,,Sedona,AZ,USA,86336,1991-01-10
A49TF65,Thomas,Kunnumpurath,819 Oliver Crescent,,Columbus,OH,USA,43035,1981-08-14
A16RL34,Leah,Robert,219 64th St,18D,New York,NY,USA,10023,1993-06-11
A85GB29,Laurent,Guillot,428 Ranger Rd,,Austin,TX,USA,73301,1985-11-02
A19LC48,Deepak,Kumar Budhiraja,908 Berkeley St,,Cleveland,OH,USA,44101,1981-07-09
